-- ============================================================================
-- FMDS — 02. Sample Data (DML: INSERT)
-- 시연·발표용 더미 데이터. 부모 → 자식 순서로 삽입.
-- 정정 사상 반영: 카테고리 마스터 14건, 사원 명명·자기참조, 조직 전화번호 다중값 분리,
--                 예산 카테고리 FK, 거래내역 발생일 단일화, 수립 fat 제거.
-- ============================================================================

USE fmds;

-- ─────────────────────────────────────────────────────────────────────────────
-- 1. 조직 (3개 부서)
-- ─────────────────────────────────────────────────────────────────────────────
INSERT INTO `조직` (`조직명`, `조직종류`, `조직책임자`) VALUES
('영업1팀', '부서', '김동인'),
('개발팀',  '부서', '김기선'),
('관리팀',  '부서', '손영준');

-- ─────────────────────────────────────────────────────────────────────────────
-- 2. 카테고리 마스터 (14건: 거래내역·예산의 분류 기준)
-- ─────────────────────────────────────────────────────────────────────────────
INSERT INTO `카테고리` (`카테고리명`, `구분`) VALUES
('식비',     '지출'),   -- 1
('교통',     '지출'),   -- 2
('사무용품', '지출'),   -- 3
('회식',     '지출'),   -- 4
('광고',     '지출'),   -- 5
('환급',     '수입'),   -- 6
('경조사',   '지출'),   -- 7
('인프라',   '지출'),   -- 8
('교육',     '지출'),   -- 9
('도서',     '지출'),   -- 10
('장비',     '지출'),   -- 11
('복지',     '지출'),   -- 12
('수입',     '수입'),   -- 13
('이체',     '이체');   -- 14

-- ─────────────────────────────────────────────────────────────────────────────
-- 3. 사원 (8명: 부장 3 + 팀원 5)
--    상사ID 자기참조: 부장은 NULL, 팀원은 같은 부서 부장 ID 참조.
-- ─────────────────────────────────────────────────────────────────────────────
-- 부장 3명 먼저 삽입 (상사ID NULL)
INSERT INTO `사원` (`사원ID`, `사원명`, `조직명`, `상사ID`) VALUES
(1, '김동인', '영업1팀', NULL),
(2, '박영업', '영업1팀', 1),
(3, '이마케팅','영업1팀', 1),
(4, '김기선', '개발팀',  NULL),
(5, '정개발', '개발팀',  4),
(6, '최코더', '개발팀',  4),
(7, '손영준', '관리팀',  NULL),
(8, '한회계', '관리팀',  7);

-- ─────────────────────────────────────────────────────────────────────────────
-- 4. 조직_전화번호 (다중값: 조직당 2~3건 — 대표/직통/팩스)
-- ─────────────────────────────────────────────────────────────────────────────
INSERT INTO `조직_전화번호` (`조직명`, `전화번호`, `종류`) VALUES
('영업1팀', '02-1234-5678', '대표'),
('영업1팀', '02-1234-5688', '직통'),
('영업1팀', '02-1234-5698', '팩스'),
('개발팀',  '02-1234-5679', '대표'),
('개발팀',  '02-1234-5699', '팩스'),
('관리팀',  '02-1234-5680', '대표'),
('관리팀',  '02-1234-5690', '직통'),
('관리팀',  '02-1234-5670', '팩스');

-- ─────────────────────────────────────────────────────────────────────────────
-- 5. 계좌 (조직당 2개: 운영·예비)
-- ─────────────────────────────────────────────────────────────────────────────
INSERT INTO `계좌` (`계좌번호`, `계좌명`, `잔액`, `생성일`, `조직명`) VALUES
('110-100-111111', '영업1팀 운영', 3000000.00, '2026-01-01', '영업1팀'),
('110-100-111112', '영업1팀 예비',  500000.00, '2026-01-01', '영업1팀'),
('110-100-222221', '개발팀 운영',  5000000.00, '2026-01-01', '개발팀'),
('110-100-222222', '개발팀 예비', 1000000.00, '2026-01-01', '개발팀'),
('110-100-333331', '관리팀 운영', 2000000.00, '2026-01-01', '관리팀'),
('110-100-333332', '관리팀 예비',  800000.00, '2026-01-01', '관리팀');

-- ─────────────────────────────────────────────────────────────────────────────
-- 6. 목표 (4건)
-- ─────────────────────────────────────────────────────────────────────────────
INSERT INTO `목표` (`목표명`, `달성예정일`) VALUES
('Q2 매출 1억 달성',         '2026-06-30'),
('연간 인프라 비용 20% 절감', '2026-12-31'),
('직원 복지 예산 집행 100%',  '2026-09-30'),
('회식비 절감',               '2026-06-30');

-- ─────────────────────────────────────────────────────────────────────────────
-- 7. 예산 (분기별 + 카테고리별, 기준 관계 FK 매핑)
--    영업1팀=회식(4), 개발팀=인프라(8), 관리팀=복지(12)
-- ─────────────────────────────────────────────────────────────────────────────
INSERT INTO `예산` (`카테고리ID`, `예산금액`, `기간`) VALUES
( 4, 2000000.00, '2026-Q2'),  -- 예산1: 영업1팀 회식
( 8, 3000000.00, '2026-Q2'),  -- 예산2: 개발팀 인프라
(12, 1500000.00, '2026-Q2'),  -- 예산3: 관리팀 복지
( 4, 1000000.00, '2026-Q3'),  -- 예산4: 영업1팀 회식
( 8, 1500000.00, '2026-Q3'),  -- 예산5: 개발팀 인프라
(12,  800000.00, '2026-Q3');  -- 예산6: 관리팀 복지

-- ─────────────────────────────────────────────────────────────────────────────
-- 8. 거래내역 (29건, Q2 위주)
--    카테고리: 1=식비, 2=교통, 3=사무용품, 4=회식, 5=광고, 6=환급, 7=경조사,
--             8=인프라, 9=교육, 10=도서, 11=장비, 12=복지, 13=수입
--    발생일은 발생 관계의 속성 (기존 거래일·기록일 통합).
-- ─────────────────────────────────────────────────────────────────────────────
INSERT INTO `거래내역` (`금액`, `메모`, `발생일`, `계좌ID`, `카테고리ID`) VALUES
-- 영업1팀 운영 (계좌 1)
( -85000.00, '거래처 점심',       '2026-04-03', 1,  1),
(-150000.00, '출장 KTX',          '2026-04-08', 1,  2),
( -45000.00, 'A4용지·토너',        '2026-04-12', 1,  3),
(-320000.00, 'Q1 종료 회식',       '2026-04-18', 1,  4),
( -95000.00, '거래처 저녁',       '2026-04-25', 1,  1),
(-180000.00, '온라인 광고비',     '2026-05-02', 1,  5),
(-110000.00, '광주 출장',          '2026-05-07', 1,  2),
-- 영업1팀 예비 (계좌 2)
(  50000.00, '교통비 환급',        '2026-04-15', 2,  6),
(-200000.00, '거래처 경조사',     '2026-05-01', 2,  7),
-- 개발팀 운영 (계좌 3)
(-580000.00, 'AWS 4월',            '2026-04-05', 3,  8),
(-450000.00, 'GitHub Org',         '2026-04-05', 3,  8),
(-120000.00, '야근 식대',          '2026-04-10', 3,  1),
( -89000.00, '키보드 2개',         '2026-04-14', 3,  3),
(-280000.00, '컨퍼런스 등록',     '2026-04-20', 3,  9),
(-590000.00, 'AWS 5월',            '2026-05-05', 3,  8),
(-150000.00, '스프린트 회식',     '2026-05-09', 3,  1),
(-200000.00, '기술서적 일괄구매', '2026-05-10', 3, 10),
-- 개발팀 예비 (계좌 4)
(-300000.00, '모니터 교체',       '2026-04-22', 4, 11),
-- 관리팀 운영 (계좌 5)
( -65000.00, '월례 회의 도시락',  '2026-04-02', 5,  1),
(-180000.00, '직원 복지 상품권',  '2026-04-15', 5, 12),
( -55000.00, '비품 보충',          '2026-04-20', 5,  3),
(-220000.00, '5월 가정의달 선물', '2026-05-03', 5, 12),
(-130000.00, '관리팀 회식',       '2026-05-08', 5,  1),
-- 관리팀 예비 (계좌 6)
(-100000.00, '직원 경조사비',     '2026-04-18', 6,  7),
( -50000.00, '직원 경조사비',     '2026-05-05', 6,  7),
-- 수입 거래 (양수 금액)
(2000000.00, 'Q2 예산 입금',       '2026-04-01', 1, 13),
(3000000.00, 'Q2 예산 입금',       '2026-04-01', 3, 13),
(1500000.00, 'Q2 예산 입금',       '2026-04-01', 5, 13),
( 500000.00, '예비비 보충',        '2026-04-15', 2, 13);

-- ─────────────────────────────────────────────────────────────────────────────
-- 9. 설정 (조직 ↔ 목표 N:M, 5건)
-- ─────────────────────────────────────────────────────────────────────────────
INSERT INTO `설정` (`조직명`, `목표ID`) VALUES
('영업1팀', 1),
('영업1팀', 4),
('개발팀',  2),
('관리팀',  3),
('관리팀',  4);

-- ─────────────────────────────────────────────────────────────────────────────
-- 10. 수립 (조직 ↔ 예산 N:M + 수립일 관계 속성)
--     fat 컬럼 6개 제거 (조직종류·예산금액·조직전화번호·기간·조직계좌번호·조직책임자)
-- ─────────────────────────────────────────────────────────────────────────────
INSERT INTO `수립` (`조직명`, `예산ID`, `수립일`) VALUES
('영업1팀', 1, '2026-03-31'),
('개발팀',  2, '2026-03-31'),
('관리팀',  3, '2026-03-31'),
('영업1팀', 4, '2026-06-30'),
('개발팀',  5, '2026-06-30'),
('관리팀',  6, '2026-06-30');

-- ─────────────────────────────────────────────────────────────────────────────
-- 결과 확인 (10 테이블 카운트)
-- ─────────────────────────────────────────────────────────────────────────────
SELECT '조직' AS 테이블, COUNT(*) AS 건수 FROM `조직`
UNION ALL SELECT '카테고리',     COUNT(*) FROM `카테고리`
UNION ALL SELECT '사원',         COUNT(*) FROM `사원`
UNION ALL SELECT '조직_전화번호',COUNT(*) FROM `조직_전화번호`
UNION ALL SELECT '계좌',         COUNT(*) FROM `계좌`
UNION ALL SELECT '목표',         COUNT(*) FROM `목표`
UNION ALL SELECT '예산',         COUNT(*) FROM `예산`
UNION ALL SELECT '거래내역',     COUNT(*) FROM `거래내역`
UNION ALL SELECT '설정',         COUNT(*) FROM `설정`
UNION ALL SELECT '수립',         COUNT(*) FROM `수립`;
