-- ============================================================================
-- FMDS — 02. Sample Data (DML: INSERT)
-- 시연·발표용 더미 데이터. 부모 → 자식 순서로 삽입.
-- ============================================================================

USE fmds;

-- ─────────────────────────────────────────────────────────────────────────────
-- 조직 (3개 부서)
-- ─────────────────────────────────────────────────────────────────────────────
INSERT INTO `조직` (`조직명`, `조직종류`, `조직전화번호`, `조직계좌번호`, `조직책임자`) VALUES
('영업1팀', '부서', '02-1234-5678', '110-001-111111', '김동인'),
('개발팀',  '부서', '02-1234-5679', '110-001-222222', '김기선'),
('관리팀',  '부서', '02-1234-5680', '110-001-333333', '손영준');

-- ─────────────────────────────────────────────────────────────────────────────
-- 사원 (8명)
-- ─────────────────────────────────────────────────────────────────────────────
INSERT INTO `사원` (`학생명`, `학생전화번호`, `조직명`) VALUES
('김동인', '010-1111-0001', '영업1팀'),
('박영업', '010-1111-0002', '영업1팀'),
('이마케팅','010-1111-0003', '영업1팀'),
('김기선', '010-2222-0001', '개발팀'),
('정개발', '010-2222-0002', '개발팀'),
('최코더', '010-2222-0003', '개발팀'),
('손영준', '010-3333-0001', '관리팀'),
('한회계', '010-3333-0002', '관리팀');

-- ─────────────────────────────────────────────────────────────────────────────
-- 계좌 (조직당 2개: 운영·예비)
-- ─────────────────────────────────────────────────────────────────────────────
INSERT INTO `계좌` (`계좌번호`, `계좌명`, `잔액`, `조직명`) VALUES
('110-100-111111', '영업1팀 운영',  3000000.00, '영업1팀'),
('110-100-111112', '영업1팀 예비',   500000.00, '영업1팀'),
('110-100-222221', '개발팀 운영',   5000000.00, '개발팀'),
('110-100-222222', '개발팀 예비',  1000000.00, '개발팀'),
('110-100-333331', '관리팀 운영',  2000000.00, '관리팀'),
('110-100-333332', '관리팀 예비',   800000.00, '관리팀');

-- ─────────────────────────────────────────────────────────────────────────────
-- 목표
-- ─────────────────────────────────────────────────────────────────────────────
INSERT INTO `목표` (`목표명`, `달성예정일`) VALUES
('Q2 매출 1억 달성',         '2026-06-30'),
('연간 인프라 비용 20% 절감', '2026-12-31'),
('직원 복지 예산 집행 100%',  '2026-09-30'),
('회식비 절감',               '2026-06-30');

-- ─────────────────────────────────────────────────────────────────────────────
-- 예산 (분기별)
-- ─────────────────────────────────────────────────────────────────────────────
INSERT INTO `예산` (`예산금액`, `기간`) VALUES
(2000000.00, '2026-Q2'),  -- 영업1팀 운영
(3000000.00, '2026-Q2'),  -- 개발팀 운영
(1500000.00, '2026-Q2'),  -- 관리팀 운영
(1000000.00, '2026-Q3'),  -- 영업1팀
(1500000.00, '2026-Q3'),  -- 개발팀
( 800000.00, '2026-Q3');  -- 관리팀

-- ─────────────────────────────────────────────────────────────────────────────
-- 설정 (조직 ↔ 목표)
-- ─────────────────────────────────────────────────────────────────────────────
INSERT INTO `설정` (`조직명`, `목표_ID`) VALUES
('영업1팀', 1),
('영업1팀', 4),
('개발팀',  2),
('관리팀',  3),
('관리팀',  4);

-- ─────────────────────────────────────────────────────────────────────────────
-- 수립 (조직 ↔ 예산, fat 컬럼 — PDF 그대로)
-- ─────────────────────────────────────────────────────────────────────────────
INSERT INTO `수립` (`조직명`, `예산ID`, `조직종류`, `예산금액`, `조직전화번호`, `기간`, `조직계좌번호`, `조직책임자`) VALUES
('영업1팀', 1, '부서', 2000000.00, '02-1234-5678', '2026-Q2', '110-001-111111', '김동인'),
('개발팀',  2, '부서', 3000000.00, '02-1234-5679', '2026-Q2', '110-001-222222', '김기선'),
('관리팀',  3, '부서', 1500000.00, '02-1234-5680', '2026-Q2', '110-001-333333', '손영준'),
('영업1팀', 4, '부서', 1000000.00, '02-1234-5678', '2026-Q3', '110-001-111111', '김동인'),
('개발팀',  5, '부서', 1500000.00, '02-1234-5679', '2026-Q3', '110-001-222222', '김기선'),
('관리팀',  6, '부서',  800000.00, '02-1234-5680', '2026-Q3', '110-001-333333', '손영준');

-- ─────────────────────────────────────────────────────────────────────────────
-- 거래내역 (Q2 위주, 30+건)
-- ─────────────────────────────────────────────────────────────────────────────
INSERT INTO `거래내역` (`금액`, `카테고리`, `메모`, `거래일`, `계좌_ID`) VALUES
-- 영업1팀 운영 (계좌 1)
( -85000.00, '식비',     '거래처 점심',         '2026-04-03', 1),
(-150000.00, '교통',     '출장 KTX',           '2026-04-08', 1),
( -45000.00, '사무용품', 'A4용지·토너',         '2026-04-12', 1),
(-320000.00, '회식',     'Q1 종료 회식',        '2026-04-18', 1),
( -95000.00, '식비',     '거래처 저녁',         '2026-04-25', 1),
(-180000.00, '광고',     '온라인 광고비',       '2026-05-02', 1),
(-110000.00, '교통',     '광주 출장',           '2026-05-07', 1),
-- 영업1팀 예비 (계좌 2)
(  50000.00, '환급',     '교통비 환급',         '2026-04-15', 2),
(-200000.00, '경조사',   '거래처 경조사',       '2026-05-01', 2),
-- 개발팀 운영 (계좌 3)
(-580000.00, '인프라',   'AWS 4월',            '2026-04-05', 3),
(-450000.00, '인프라',   'GitHub Org',         '2026-04-05', 3),
(-120000.00, '식비',     '야근 식대',           '2026-04-10', 3),
( -89000.00, '사무용품', '키보드 2개',          '2026-04-14', 3),
(-280000.00, '교육',     '컨퍼런스 등록',       '2026-04-20', 3),
(-590000.00, '인프라',   'AWS 5월',            '2026-05-05', 3),
(-150000.00, '식비',     '스프린트 회식',       '2026-05-09', 3),
(-200000.00, '도서',     '기술서적 일괄구매',   '2026-05-10', 3),
-- 개발팀 예비 (계좌 4)
(-300000.00, '장비',     '모니터 교체',         '2026-04-22', 4),
-- 관리팀 운영 (계좌 5)
( -65000.00, '식비',     '월례 회의 도시락',    '2026-04-02', 5),
(-180000.00, '복지',     '직원 복지 상품권',    '2026-04-15', 5),
( -55000.00, '사무용품', '비품 보충',           '2026-04-20', 5),
(-220000.00, '복지',     '5월 가정의달 선물',   '2026-05-03', 5),
(-130000.00, '식비',     '관리팀 회식',         '2026-05-08', 5),
-- 관리팀 예비 (계좌 6)
(-100000.00, '경조사',   '직원 경조사비',       '2026-04-18', 6),
( -50000.00, '경조사',   '직원 경조사비',       '2026-05-05', 6),
-- 추가 수입 거래 (양수 금액)
(2000000.00, '수입',     'Q2 예산 입금',        '2026-04-01', 1),
(3000000.00, '수입',     'Q2 예산 입금',        '2026-04-01', 3),
(1500000.00, '수입',     'Q2 예산 입금',        '2026-04-01', 5),
( 500000.00, '수입',     '예비비 보충',         '2026-04-15', 2);

-- ─────────────────────────────────────────────────────────────────────────────
-- 결과 확인
-- ─────────────────────────────────────────────────────────────────────────────
SELECT '조직' AS 테이블, COUNT(*) AS 건수 FROM `조직`
UNION ALL SELECT '사원',      COUNT(*) FROM `사원`
UNION ALL SELECT '계좌',      COUNT(*) FROM `계좌`
UNION ALL SELECT '거래내역',  COUNT(*) FROM `거래내역`
UNION ALL SELECT '목표',      COUNT(*) FROM `목표`
UNION ALL SELECT '예산',      COUNT(*) FROM `예산`
UNION ALL SELECT '설정',      COUNT(*) FROM `설정`
UNION ALL SELECT '수립',      COUNT(*) FROM `수립`;
